Timestamp,IP Address,Attack Type,Username,Password
5/1/23 10:00,192.168.0.101,Brute Force,john.smith,Flower123\
5/1/23 11:30,192.168.0.102,XSS,emma.wilson,Summer2023\
5/1/23 12:45,192.168.0.103,SQL Injection,liam.johnson,Secret123\
5/2/23 9:15,192.168.0.104,Phishing,olivia.davis,Welcome@1\
5/2/23 10:30,192.168.0.105,Ransomware,noah.miller,P@ssword1\
5/2/23 11:45,192.168.0.106,Brute Force,isabella.moore,SecurePass1\
5/2/23 13:00,192.168.0.107,XSS,james.walker,Tech2023!\
5/3/23 8:15,192.168.0.108,SQL Injection,sophia.white,HelloWorld1\
5/3/23 9:30,192.168.0.109,Phishing,ethan.wilson,Passw0rd!\
5/3/23 10:45,192.168.0.110,Ransomware,ava.martin,CyberSecurity1\
5/3/23 12:00,192.168.0.111,Brute Force,logan.anderson,SafePassword1\
5/3/23 13:15,192.168.0.112,XSS,mia.thompson,SummerVacation22\
5/4/23 8:30,192.168.0.113,SQL Injection,mason.lewis,StrongPassword123\
5/4/23 9:45,192.168.0.114,Phishing,ava.hall,SecurityFirst1\
5/4/23 11:00,192.168.0.115,Ransomware,carter.lee,TrustNo1!\
5/4/23 12:15,192.168.0.116,Brute Force,sophia.wilson,Pa$$w0rd\
5/4/23 13:30,192.168.0.117,XSS,oliver.moore,SafetyFirst!\
5/5/23 8:45,192.168.0.118,SQL Injection,isabella.walker,MyPassword2023\
5/5/23 10:00,192.168.0.119,Phishing,liam.davis,SecureLogin123\
5/5/23 11:15,192.168.0.120,Ransomware,jacob.martin,SecretPass1!\
5/5/23 12:30,192.168.0.121,Brute Force,ava.brown,Protected123\
5/5/23 13:45,192.168.0.122,XSS,ethan.thompson,Summer2023!\
5/6/23 9:00,192.168.0.123,SQL Injection,mia.moore,Welcome123\
5/6/23 10:15,192.168.0.124,Phishing,noah.hall,StrongPass2023\
5/6/23 11:30,192.168.0.125,Ransomware,james.lewis,CyberSecure1\
5/6/23 12:45,192.168.0.126,Brute Force,olivia.anderson,SafeAccount123\
5/6/23 14:00,192.168.0.127,XSS,jacob.smith,SecureLogin2023\
5/7/23 9:15,192.168.0.128,SQL Injection,emma.wilson,SecretPass123\
5/7/23 10:30,192.168.0.129,Phishing,johnson.johnson,SecureAccess123\
5/7/23 11:45,192.168.0.130,Ransomware,olivia.davis,ProtectedAccount1\
5/7/23 13:00,192.168.0.131,Brute Force,william.miller,Secure123Pass\
5/7/23 14:15,192.168.0.132,XSS,sophia.walker,Summer2023Pass\
5/8/23 9:30,192.168.0.133,SQL Injection,james.brown,SecureAccount123\
5/8/23 10:45,192.168.0.134,Phishing,john.moore,Protected2023\
5/8/23 12:00,192.168.0.135,Ransomware,olivia.hall,CyberSecure123\
5/8/23 13:15,192.168.0.136,Brute Force,william.anderson,Password2023\
5/8/23 14:30,192.168.0.137,XSS,sophia.johnson,SecurePass2023\
5/9/23 9:45,192.168.0.138,SQL Injection,james.davis,Protected123\
5/9/23 11:00,192.168.0.139,Phishing,johnson.walker,CyberSecure!\
5/9/23 12:15,192.168.0.140,Ransomware,oliver.hall,Passw0rd2023\
5/9/23 13:30,192.168.0.141,Brute Force,sophia.brown,SecureAccount2023\
5/9/23 14:45,192.168.0.142,XSS,william.anderson,SafetyFirst2023\
5/10/23 10:00,192.168.0.143,SQL Injection,james.moore,Summer123!\
5/10/23 11:15,192.168.0.144,Phishing,johnson.johnson,SecurePass123\
5/10/23 12:30,192.168.0.145,Ransomware,olivia.davis,ProtectedAccount2023\
5/10/23 13:45,192.168.0.146,Brute Force,william.miller,Password123!\
5/10/23 15:00,192.168.0.147,XSS,sophia.walker,SecurePass2023!\
5/11/23 10:15,192.168.0.148,SQL Injection,james.brown,Protected123!\
5/11/23 11:30,192.168.0.149,Phishing,john.moore,SummerSecure2023\
5/11/23 12:45,192.168.0.150,Ransomware,oliver.hall,Passw0rdAccount1\
5/11/23 14:00,192.168.0.151,Brute Force,sophia.anderson,Secure123Account\
5/11/23 15:15,192.168.0.152,XSS,william.smith,SecureAccess2023\
5/12/23 10:30,192.168.0.153,SQL Injection,james.wilson,ProtectedSecure123\
5/12/23 11:45,192.168.0.154,Phishing,johnson.lewis,Cyber123Secure\
5/12/23 13:00,192.168.0.155,Ransomware,olivia.miller,Passw0rdAccess!\
5/12/23 14:15,192.168.0.156,Brute Force,william.davis,ProtectedAccount2023\
5/12/23 15:30,192.168.0.157,XSS,sophia.hall,SecureAccess2023!\
5/13/23 10:45,192.168.0.158,SQL Injection,james.anderson,ProtectedAccount123\
5/13/23 12:00,192.168.0.159,Phishing,john.moore,CyberSecure2023\
5/13/23 13:15,192.168.0.160,Ransomware,oliver.hall,Passw0rdAccount123\
5/13/23 14:30,192.168.0.161,Brute Force,sophia.anderson,Secure123Account2023\
5/13/23 15:45,192.168.0.162,XSS,william.smith,SecureAccess123!\
5/14/23 11:00,192.168.0.163,SQL Injection,james.wilson,ProtectedSecure2023\
5/14/23 12:15,192.168.0.164,Phishing,johnson.lewis,CyberSecureAccount1\
5/14/23 13:30,192.168.0.165,Ransomware,olivia.miller,Passw0rdAccess123\
5/14/23 14:45,192.168.0.166,Brute Force,william.davis,ProtectedAccount123\
5/14/23 16:00,192.168.0.167,XSS,sophia.hall,SecureAccessAccount123\
5/15/23 11:15,192.168.0.168,SQL Injection,james.anderson,ProtectedSecureAccount\
5/15/23 12:30,192.168.0.169,Phishing,john.moore,CyberSecure123Account\
5/15/23 13:45,192.168.0.170,Ransomware,oliver.hall,Passw0rdAccountSecure\
5/15/23 15:00,192.168.0.171,Brute Force,sophia.anderson,Secure123AccountSecure\
5/15/23 16:15,192.168.0.172,XSS,william.smith,SecureAccessAccountSecure!\
},,,,